{"cameraMode":{"drawMode":0,"name":"Shaded","section":"Shading Mode"},"sceneLighting":false,"audioPlay":false,"sceneViewState":{"m_AlwaysRefresh":false,"showFog":true,"showSkybox":false,"showFlares":true,"showImageEffects":true,"showParticleSystems":true,"showVisualEffectGraphs":true,"m_FxEnabled":true},"in2DMode":false,"pivot":{"x":-12.42541790008545,"y":1.1422450542449952,"z":-14.241639137268067},"rotation":{"x":0.05276890844106674,"y":0.8982144594192505,"z":-0.11240896582603455,"w":0.42165419459342959},"size":3.2410504817962648,"orthographic":true}