{"cameraMode":{"drawMode":2,"name":"Shaded Wireframe","section":"Shading Mode"},"sceneLighting":true,"audioPlay":false,"sceneViewState":{"m_AlwaysRefresh":false,"showFog":true,"showSkybox":true,"showFlares":true,"showImageEffects":true,"showParticleSystems":true,"showVisualEffectGraphs":true,"m_FxEnabled":true},"in2DMode":false,"pivot":{"x":0.07589732110500336,"y":1.8166351318359376,"z":-8.564786911010743},"rotation":{"x":0.15471793711185456,"y":-0.29584720730781557,"z":0.048623595386743548,"w":0.9413679242134094},"size":10.003518104553223,"orthographic":true}