{"cameraMode":{"drawMode":2,"name":"Shaded Wireframe","section":"Shading Mode"},"sceneLighting":false,"audioPlay":false,"sceneViewState":{"m_AlwaysRefresh":false,"showFog":true,"showSkybox":false,"showFlares":true,"showImageEffects":true,"showParticleSystems":true,"showVisualEffectGraphs":true,"m_FxEnabled":true},"in2DMode":false,"pivot":{"x":-18.98123550415039,"y":1.4845433235168458,"z":0.005438804626464844},"rotation":{"x":0.031413231045007709,"y":0.07190175354480744,"z":-0.0022654463537037374,"w":0.9969134330749512},"size":1.4450675249099732,"orthographic":true}