{"cameraMode":{"drawMode":2,"name":"Shaded Wireframe","section":"Shading Mode"},"sceneLighting":true,"audioPlay":false,"sceneViewState":{"m_AlwaysRefresh":false,"showFog":true,"showSkybox":true,"showFlares":true,"showImageEffects":true,"showParticleSystems":true,"showVisualEffectGraphs":true,"m_FxEnabled":true},"in2DMode":false,"pivot":{"x":0.8562126159667969,"y":3.5299153327941896,"z":0.13572311401367188},"rotation":{"x":0.07171910256147385,"y":-0.07771904766559601,"z":0.00560546200722456,"w":0.994376540184021},"size":20.763025283813478,"orthographic":false}